customer_id,product_id,order_id,seller_id,seller_name,quantity,price_at_purchase,total_price,purchased_at,delivery_date,review_id
18025585.0,275670328,,26446.0,Tin Học Hoàng Kim,1,,,2026-04-14 07:44:07+00:00,2026-04-15 11:06:51+00:00,20226876
6390263.0,275670328,,26446.0,Tin Học Hoàng Kim,1,,,2025-05-09 08:02:34+00:00,2025-05-11 15:25:27+00:00,20122838
12153751.0,275670328,,26446.0,Tin Học Hoàng Kim,1,,,2025-01-02 03:03:36+00:00,2025-01-03 13:54:30+00:00,20086349
17813323.0,275670328,,26446.0,Tin Học Hoàng Kim,2,,,2025-02-18 20:27:12+00:00,2025-02-20 15:07:37+00:00,20085123
12329960.0,275670328,,26446.0,Tin Học Hoàng Kim,3,,,2024-09-17 13:43:16+00:00,2024-09-19 14:07:24+00:00,19985278
7691247.0,275379339,,203285.0,TUỆ MẪN PL,4,,,2024-10-12 15:57:55+00:00,2024-10-17 12:54:26+00:00,20009372
8053439.0,275379339,,203285.0,TUỆ MẪN PL,3,,,2024-08-08 02:22:08+00:00,2024-08-10 10:19:29+00:00,19952056
29105134.0,274616674,,203285.0,TUỆ MẪN PL,1,,,2024-09-10 18:28:41+00:00,2024-09-14 10:53:55+00:00,19980420
13080479.0,274616674,,203285.0,TUỆ MẪN PL,2,,,2024-09-03 04:41:04+00:00,2024-09-07 11:05:45+00:00,19975310
81719.0,273084843,,203285.0,TUỆ MẪN PL,3,,,2025-12-14 11:07:36+00:00,2025-12-18 14:45:29+00:00,20199643
42472.0,273084843,,203285.0,TUỆ MẪN PL,3,,,2024-10-16 06:50:43+00:00,2024-10-19 11:36:29+00:00,20046703
14334321.0,273084843,,203285.0,TUỆ MẪN PL,3,,,2024-09-10 11:32:27+00:00,2024-09-14 11:19:25+00:00,19985058
12999244.0,273084843,,203285.0,TUỆ MẪN PL,4,,,2024-07-18 10:30:22+00:00,2024-07-24 10:12:27+00:00,20055229
10002949.0,273084843,,203285.0,TUỆ MẪN PL,1,,,2024-10-04 03:13:39+00:00,2024-10-08 17:38:06+00:00,20046224
324923.0,273084843,,203285.0,TUỆ MẪN PL,3,,,2024-11-15 01:54:19+00:00,2024-11-18 10:33:17+00:00,20043739
27685310.0,273084843,,203285.0,TUỆ MẪN PL,2,,,2024-11-26 14:26:29+00:00,2024-11-30 15:19:39+00:00,20040093
28377930.0,273084843,,203285.0,TUỆ MẪN PL,1,,,2024-07-05 10:30:41+00:00,2024-07-07 21:16:23+00:00,19931794
14335763.0,273084843,,203285.0,TUỆ MẪN PL,1,,,2024-07-06 09:57:55+00:00,2024-07-10 10:53:49+00:00,19923531
14702372.0,273084843,,203285.0,TUỆ MẪN PL,2,,,2024-02-16 08:25:36+00:00,2024-02-20 10:00:37+00:00,19908158
29937374.0,273084843,,203285.0,TUỆ MẪN PL,2,,,2024-05-12 01:57:11+00:00,2024-05-16 11:02:07+00:00,19875065
21197188.0,52029554,,26446.0,Tin Học Hoàng Kim,3,,,2024-06-02 11:09:35+00:00,2024-06-05 14:37:00+00:00,19894682
16723993.0,52029554,,26446.0,Tin Học Hoàng Kim,3,,,2023-01-12 23:52:25+00:00,2023-01-14 10:07:17+00:00,18645688
10516768.0,52029554,,135006.0,Shop vi tính và camera hành trinh,2,,,2021-07-25 10:45:12+00:00,2021-09-15 13:02:37+00:00,12283127
9651166.0,52029554,,134572.0,camera hanhtrinh,3,,,2021-04-26 16:48:32+00:00,2021-04-27 16:30:26+00:00,9874009
9729716.0,52029554,,41292.0,Kho Hàng Vip,4,,,2020-12-11 04:51:56+00:00,2020-12-14 18:06:39+00:00,6311609
1047205.0,21162350,,915.0,Nova Computer,1,,,2023-04-05 07:28:40+00:00,2023-04-08 14:59:21+00:00,19215874
6221882.0,21162350,,915.0,Nova Computer,2,,,2022-10-17 05:09:34+00:00,2022-10-21 14:50:55+00:00,18032215
17845448.0,15668735,,26446.0,Tin Học Hoàng Kim,2,,,2026-03-10 12:00:13+00:00,2026-03-13 21:53:57+00:00,20221059
19744748.0,15668735,,26446.0,Tin Học Hoàng Kim,4,,,2022-07-01 08:14:34+00:00,2022-07-03 13:03:57+00:00,16924309
29742833.0,15668735,,26446.0,Tin Học Hoàng Kim,3,,,2026-01-18 16:03:55+00:00,2026-01-20 11:06:32+00:00,20209985
6154885.0,15668735,,26446.0,Tin Học Hoàng Kim,4,,,2025-12-25 01:40:57+00:00,2025-12-26 09:52:49+00:00,20201162
1789357.0,15668735,,26446.0,Tin Học Hoàng Kim,4,,,2025-08-14 09:21:19+00:00,2025-08-16 16:08:53+00:00,20166866
9963555.0,15668735,,26446.0,Tin Học Hoàng Kim,3,,,2023-11-05 04:51:31+00:00,2023-11-10 08:28:02+00:00,19773455
2105927.0,15668735,,26446.0,Tin Học Hoàng Kim,3,,,2023-06-02 10:15:21+00:00,2023-06-03 09:40:24+00:00,19257525
59782.0,15668735,,26446.0,Tin Học Hoàng Kim,2,,,2023-10-24 06:36:04+00:00,2023-10-24 15:33:41+00:00,19618348
5597437.0,15668735,,26446.0,Tin Học Hoàng Kim,1,,,2023-01-12 14:25:31+00:00,2023-01-13 10:00:21+00:00,19339966
18463456.0,15668735,,26446.0,Tin Học Hoàng Kim,4,,,2024-01-03 02:20:50+00:00,2024-01-03 10:58:42+00:00,19711672
270965.0,15668735,,26446.0,Tin Học Hoàng Kim,1,,,2023-02-23 15:56:11+00:00,2023-02-24 09:08:00+00:00,18892471
5434509.0,15668735,,26446.0,Tin Học Hoàng Kim,4,,,2023-05-16 14:02:45+00:00,2023-05-19 15:56:49+00:00,19211845
10960085.0,15668735,,26446.0,Tin Học Hoàng Kim,2,,,2023-07-31 09:53:06+00:00,2023-07-31 19:07:49+00:00,19438412
623383.0,15668735,,26446.0,Tin Học Hoàng Kim,3,,,2023-01-06 15:53:15+00:00,2023-01-07 10:01:39+00:00,18589704
22895587.0,15668735,,26446.0,Tin Học Hoàng Kim,1,,,2022-08-06 10:43:57+00:00,2022-08-14 16:36:11+00:00,17412625
1177509.0,15668735,,26446.0,Tin Học Hoàng Kim,3,,,2023-03-03 15:10:11+00:00,2023-03-05 11:49:26+00:00,18939843
938203.0,15668735,,26446.0,Tin Học Hoàng Kim,1,,,2023-05-06 02:56:13+00:00,2023-05-06 10:42:28+00:00,19605279
10190815.0,15668735,,26446.0,Tin Học Hoàng Kim,1,,,2023-06-04 09:33:31+00:00,2023-06-05 11:43:58+00:00,19261910
7540100.0,15668735,,26446.0,Tin Học Hoàng Kim,4,,,2024-05-08 11:20:10+00:00,2024-05-10 14:10:42+00:00,19996493
15865114.0,15668735,,26446.0,Tin Học Hoàng Kim,3,,,2023-09-14 03:21:40+00:00,2023-09-15 09:03:45+00:00,19531119
15317024.0,15668735,,26446.0,Tin Học Hoàng Kim,4,,,2023-07-10 03:18:01+00:00,2023-07-10 11:58:16+00:00,19365983
2426.0,15668735,,26446.0,Tin Học Hoàng Kim,1,,,2022-09-07 23:26:15+00:00,2022-09-10 08:27:04+00:00,17649234
12673756.0,15668735,,26446.0,Tin Học Hoàng Kim,1,,,2020-12-17 14:33:08+00:00,2020-12-23 10:29:12+00:00,6442218
18136950.0,15668735,,26446.0,Tin Học Hoàng Kim,2,,,2024-04-30 09:05:57+00:00,2024-05-03 13:46:43+00:00,19861596
2139654.0,15668735,,26446.0,Tin Học Hoàng Kim,4,,,2023-11-23 04:16:10+00:00,2023-11-23 12:37:11+00:00,19665170
7227795.0,15668735,,26446.0,Tin Học Hoàng Kim,2,,,2023-07-10 08:53:50+00:00,2023-07-10 17:49:49+00:00,19615964
26297324.0,15668735,,265319.0,Shop Phân Phối Camera,2,,,2022-09-10 20:10:29+00:00,2022-09-16 08:45:39+00:00,18194256
12284529.0,15668735,,26446.0,Tin Học Hoàng Kim,2,,,2024-01-12 09:21:40+00:00,2024-01-14 10:44:40+00:00,19726324
9863249.0,15668735,,26446.0,Tin Học Hoàng Kim,1,,,2022-10-10 10:03:02+00:00,2022-10-12 10:57:22+00:00,18690359
15095489.0,15668735,,26446.0,Tin Học Hoàng Kim,4,,,2023-06-08 15:19:07+00:00,2023-06-09 09:13:01+00:00,19278148
15610594.0,15668735,,26446.0,Tin Học Hoàng Kim,2,,,2023-07-30 06:56:45+00:00,2023-07-30 15:58:21+00:00,19420623
8604940.0,15668735,,26446.0,Tin Học Hoàng Kim,1,,,2023-09-15 02:44:39+00:00,2023-09-15 11:15:38+00:00,19712773
12877992.0,15668735,,26446.0,Tin Học Hoàng Kim,4,,,2023-07-05 16:08:03+00:00,2023-07-06 09:57:09+00:00,19355064
842439.0,15668735,,26446.0,Tin Học Hoàng Kim,3,,,2023-05-16 18:55:10+00:00,2023-05-17 14:07:09+00:00,19349510
8498218.0,15668735,,265319.0,Shop Phân Phối Camera,4,,,2022-06-21 04:19:17+00:00,2022-06-22 11:55:07+00:00,16809715
1433090.0,15668735,,26446.0,Tin Học Hoàng Kim,2,,,2023-05-08 07:55:37+00:00,2023-05-08 17:49:26+00:00,19263034
28537600.0,15668735,,26446.0,Tin Học Hoàng Kim,4,,,2023-02-21 01:35:08+00:00,2023-02-23 09:29:50+00:00,19243845
483104.0,15668735,,26446.0,Tin Học Hoàng Kim,2,,,2022-07-04 01:59:33+00:00,2022-07-07 09:54:36+00:00,17098934
54300.0,15668735,,26446.0,Tin Học Hoàng Kim,3,,,2023-07-29 16:02:15+00:00,2023-07-31 11:31:28+00:00,19542774
26799036.0,15668735,,265319.0,Shop Phân Phối Camera,3,,,2022-10-15 15:31:06+00:00,2022-10-19 15:07:15+00:00,17997448
12322143.0,15668735,,26446.0,Tin Học Hoàng Kim,3,,,2023-08-19 09:11:58+00:00,2023-08-19 19:32:23+00:00,19471301
10353260.0,15668735,,26446.0,Tin Học Hoàng Kim,1,,,2023-02-19 04:00:54+00:00,2023-02-19 13:24:29+00:00,19036210
15531898.0,15668735,,26446.0,Tin Học Hoàng Kim,1,,,2023-05-11 04:04:19+00:00,2023-05-11 13:12:51+00:00,19431459
1768896.0,15668735,,26446.0,Tin Học Hoàng Kim,2,,,2023-06-23 04:05:14+00:00,2023-06-23 14:11:32+00:00,19325385
29302863.0,15668735,,26446.0,Tin Học Hoàng Kim,3,,,2023-07-30 11:03:23+00:00,2023-07-31 09:53:07+00:00,19422402
6254561.0,15668735,,26446.0,Tin Học Hoàng Kim,2,,,2023-06-07 06:10:26+00:00,2023-06-07 15:43:19+00:00,19383045
15817849.0,15668735,,26446.0,Tin Học Hoàng Kim,3,,,2023-06-30 03:45:11+00:00,2023-06-30 13:54:25+00:00,19339387
11319634.0,15668735,,26446.0,Tin Học Hoàng Kim,3,,,2023-05-05 03:31:03+00:00,2023-05-05 11:58:18+00:00,19303623
13229508.0,15668735,,26446.0,Tin Học Hoàng Kim,3,,,2023-05-31 09:25:19+00:00,2023-06-02 16:47:51+00:00,19268785
9852506.0,15668735,,41292.0,Kho Hàng Vip,4,,,2021-03-16 13:33:06+00:00,2021-03-23 14:45:08+00:00,8605124
19274408.0,15668735,,26446.0,Tin Học Hoàng Kim,4,,,2022-12-23 07:11:52+00:00,2022-12-23 15:53:25+00:00,19259717
22653682.0,15668735,,265319.0,Shop Phân Phối Camera,1,,,2022-12-26 09:39:48+00:00,2022-12-28 09:31:33+00:00,18545129
12210147.0,15668735,,26446.0,Tin Học Hoàng Kim,2,,,2023-05-13 11:47:18+00:00,2023-05-14 10:16:42+00:00,19207274
435902.0,15668735,,265319.0,Shop Phân Phối Camera,1,,,2023-05-08 01:27:29+00:00,2023-05-11 09:01:51+00:00,19204336
615327.0,15668735,,26446.0,Tin Học Hoàng Kim,1,,,2022-01-23 09:32:50+00:00,2022-01-25 15:40:02+00:00,14812748
7831110.0,15668735,,26446.0,Tin Học Hoàng Kim,4,,,2023-05-09 03:07:14+00:00,2023-05-09 12:52:32+00:00,19180463
8611470.0,15668735,,26446.0,Tin Học Hoàng Kim,4,,,2023-04-21 10:27:02+00:00,2023-04-21 18:39:00+00:00,19144235
14726178.0,15668735,,26446.0,Tin Học Hoàng Kim,1,,,2023-04-27 14:08:40+00:00,2023-04-28 08:45:52+00:00,19142719
7663544.0,15668735,,26446.0,Tin Học Hoàng Kim,2,,,2023-02-25 15:50:06+00:00,2023-02-26 15:21:38+00:00,19094752
11657053.0,15668735,,26446.0,Tin Học Hoàng Kim,3,,,2023-01-30 03:20:27+00:00,2023-02-01 13:52:14+00:00,18944493
11600672.0,15668735,,26446.0,Tin Học Hoàng Kim,4,,,2021-10-11 13:09:21+00:00,2021-10-14 10:26:01+00:00,12688244
7760309.0,15668735,,26446.0,Tin Học Hoàng Kim,4,,,2023-02-16 01:59:36+00:00,2023-02-16 10:56:54+00:00,18965823
28943242.0,15668735,,26446.0,Tin Học Hoàng Kim,4,,,2023-03-12 13:54:31+00:00,2023-03-14 14:13:23+00:00,18961734
1421970.0,15668735,,129536.0,vitinhnhatthien,2,,,2020-12-28 19:05:45+00:00,2021-01-04 14:04:36+00:00,6791050
5250349.0,15668735,,265319.0,Shop Phân Phối Camera,4,,,2022-09-16 22:23:35+00:00,2022-09-18 10:54:23+00:00,17742720
22577100.0,15668735,,26446.0,Tin Học Hoàng Kim,3,,,2021-11-26 14:57:33+00:00,2021-11-29 12:14:14+00:00,13518272
500122.0,15668735,,265319.0,Shop Phân Phối Camera,1,,,2022-09-21 12:24:10+00:00,2022-09-24 11:10:16+00:00,18108280
18339212.0,15668735,,265319.0,Shop Phân Phối Camera,1,,,2022-09-15 00:58:47+00:00,2022-09-16 14:56:20+00:00,18809175
8474516.0,15668735,,26446.0,Tin Học Hoàng Kim,2,,,2022-09-05 13:51:14+00:00,2022-09-07 10:37:29+00:00,18679117
11109032.0,15668735,,26446.0,Tin Học Hoàng Kim,4,,,2022-12-24 05:36:51+00:00,2022-12-24 14:38:41+00:00,18773475
28359011.0,15668735,,26446.0,Tin Học Hoàng Kim,4,,,2023-02-07 00:23:15+00:00,2023-02-07 09:09:10+00:00,18761188
22165344.0,15668735,,26446.0,Tin Học Hoàng Kim,2,,,2022-08-18 01:17:03+00:00,2022-08-21 12:47:29+00:00,17484006
16823895.0,15668735,,26446.0,Tin Học Hoàng Kim,3,,,2022-09-24 04:18:12+00:00,2022-09-27 11:23:07+00:00,17882062
25865112.0,15668735,,26446.0,Tin Học Hoàng Kim,2,,,2023-01-04 04:53:51+00:00,2023-01-04 13:02:27+00:00,18639529
18883873.0,15668735,,265319.0,Shop Phân Phối Camera,3,,,2022-10-25 08:14:17+00:00,2022-10-28 15:37:22+00:00,18501675
1367124.0,15668735,,26446.0,Tin Học Hoàng Kim,2,,,2022-12-10 08:48:02+00:00,2022-12-13 12:57:31+00:00,18460192
16757639.0,15668735,,265319.0,Shop Phân Phối Camera,1,,,2022-12-07 09:43:15+00:00,2022-12-09 09:25:22+00:00,18381289
8057720.0,15668735,,26446.0,Tin Học Hoàng Kim,1,,,2022-08-25 16:01:49+00:00,2022-08-30 11:15:12+00:00,18201169
302660.0,15668735,,265319.0,Shop Phân Phối Camera,4,,,2022-05-31 22:20:22+00:00,2022-06-02 09:25:04+00:00,18134455
5660630.0,15668735,,265319.0,Shop Phân Phối Camera,3,,,2022-10-24 06:26:31+00:00,2022-10-26 08:59:19+00:00,18106093
1480641.0,15668735,,26446.0,Tin Học Hoàng Kim,1,,,2022-10-03 09:08:43+00:00,2022-10-04 09:32:49+00:00,18024349
13661312.0,15668735,,26446.0,Tin Học Hoàng Kim,4,,,2022-10-03 03:05:25+00:00,2022-10-04 10:51:01+00:00,17925913
1407747.0,15668735,,26446.0,Tin Học Hoàng Kim,4,,,2022-09-30 13:32:12+00:00,2022-10-04 10:53:31+00:00,17909781
14986714.0,15668735,,265319.0,Shop Phân Phối Camera,2,,,2022-06-06 12:26:37+00:00,2022-06-08 09:22:26+00:00,17228662
8784649.0,15668735,,26446.0,Tin Học Hoàng Kim,1,,,2022-07-28 07:52:01+00:00,2022-08-01 14:54:11+00:00,17867502
16109033.0,15668735,,26446.0,Tin Học Hoàng Kim,4,,,2022-09-28 05:04:43+00:00,2022-09-30 11:34:28+00:00,17834437
20528509.0,15668735,,26446.0,Tin Học Hoàng Kim,4,,,2022-09-27 15:17:11+00:00,2022-09-29 10:37:08+00:00,17826592
21197313.0,15668735,,26446.0,Tin Học Hoàng Kim,3,,,2022-05-03 06:29:32+00:00,2022-05-05 09:33:37+00:00,17823071
10157835.0,15668735,,26446.0,Tin Học Hoàng Kim,2,,,2022-07-12 16:56:57+00:00,2022-07-14 14:46:23+00:00,17737129
12372587.0,15668735,,26446.0,Tin Học Hoàng Kim,2,,,2022-09-06 17:57:14+00:00,2022-09-08 10:38:16+00:00,17656639
8138939.0,15668735,,26446.0,Tin Học Hoàng Kim,2,,,2022-02-07 05:47:29+00:00,2022-02-09 09:52:11+00:00,14883927
680954.0,15668735,,265319.0,Shop Phân Phối Camera,4,,,2022-06-15 09:26:04+00:00,2022-06-19 11:26:05+00:00,16791831
17834657.0,15668735,,265319.0,Shop Phân Phối Camera,2,,,2022-06-05 09:19:08+00:00,2022-06-08 12:00:44+00:00,16622079
410843.0,15668735,,26446.0,Tin Học Hoàng Kim,3,,,2022-08-14 17:31:55+00:00,2022-08-17 10:35:08+00:00,17467411
8338851.0,15668735,,26446.0,Tin Học Hoàng Kim,2,,,2022-07-21 03:15:03+00:00,2022-07-22 10:35:11+00:00,17460947
8864238.0,15668735,,26446.0,Tin Học Hoàng Kim,1,,,2022-08-07 16:37:33+00:00,2022-08-10 18:19:37+00:00,17431203
13821684.0,15668735,,26446.0,Tin Học Hoàng Kim,3,,,2022-07-27 03:19:14+00:00,2022-07-28 16:25:29+00:00,17231866
1314601.0,15668735,,26446.0,Tin Học Hoàng Kim,1,,,2022-07-27 03:36:47+00:00,2022-07-28 11:04:20+00:00,17225969
5236629.0,15668735,,265319.0,Shop Phân Phối Camera,4,,,2022-06-05 02:17:49+00:00,2022-06-07 10:43:00+00:00,17129813
5291237.0,15668735,,265319.0,Shop Phân Phối Camera,1,,,2022-06-03 10:10:25+00:00,2022-06-06 09:36:17+00:00,16780720
23960486.0,15668735,,265319.0,Shop Phân Phối Camera,1,,,2022-05-13 04:45:41+00:00,2022-05-14 10:49:52+00:00,16666751
21546776.0,15668735,,265319.0,Shop Phân Phối Camera,1,,,2022-05-27 12:39:20+00:00,2022-05-29 09:30:09+00:00,16504724
7676248.0,15668735,,26446.0,Tin Học Hoàng Kim,4,,,2022-05-18 08:49:10+00:00,2022-05-24 17:02:49+00:00,16518621
8753621.0,15668735,,41292.0,Kho Hàng Vip,2,,,2021-03-15 15:22:04+00:00,2021-03-18 14:17:38+00:00,8522760
26283046.0,15668735,,265319.0,Shop Phân Phối Camera,1,,,2022-04-11 06:43:11+00:00,2022-04-14 09:32:03+00:00,16071943
16486624.0,15668735,,41292.0,Kho Hàng Vip,3,,,2021-03-04 17:15:21+00:00,2021-03-11 12:27:11+00:00,8923205
12800508.0,15668735,,135006.0,Shop vi tính và camera hành trinh,3,,,2021-06-11 03:13:06+00:00,2021-06-14 08:49:09+00:00,10408401
634548.0,15668735,,26446.0,Tin Học Hoàng Kim,3,,,2022-01-02 19:25:37+00:00,2022-01-06 16:38:46+00:00,14330323
6283275.0,15668735,,26446.0,Tin Học Hoàng Kim,2,,,2021-11-14 19:53:47+00:00,2021-11-16 13:13:38+00:00,13504501
5952691.0,15668735,,26446.0,Tin Học Hoàng Kim,3,,,2021-10-22 13:47:59+00:00,2021-10-24 08:47:57+00:00,12949241
12594215.0,15668735,,26446.0,Tin Học Hoàng Kim,3,,,2022-03-13 05:03:58+00:00,2022-03-15 13:00:05+00:00,15480167
18895260.0,15668735,,26446.0,Tin Học Hoàng Kim,2,,,2021-10-20 10:39:58+00:00,2021-10-22 10:38:36+00:00,12772317
21832282.0,15668735,,265319.0,Shop Phân Phối Camera,2,,,2022-02-19 07:51:15+00:00,2022-02-23 12:48:19+00:00,15106939
5855445.0,15668735,,134572.0,camera hanhtrinh,4,,,2021-03-16 09:18:03+00:00,2021-03-18 10:26:11+00:00,8486091
15710043.0,15668735,,26446.0,Tin Học Hoàng Kim,4,,,2022-01-23 04:00:37+00:00,2022-01-25 13:57:44+00:00,14912611
54423.0,15668735,,134572.0,camera hanhtrinh,4,,,2021-06-12 13:41:02+00:00,2021-06-15 21:41:56+00:00,11781265
4566.0,15668735,,135006.0,Shop vi tính và camera hành trinh,4,,,2021-11-12 03:54:22+00:00,2021-11-13 15:24:19+00:00,14076151
523490.0,15668735,,41292.0,Kho Hàng Vip,3,,,2021-08-05 03:14:56+00:00,2021-08-06 09:53:21+00:00,12113665
1111835.0,15668735,,41292.0,Kho Hàng Vip,3,,,2021-03-16 01:06:27+00:00,2021-03-17 14:33:54+00:00,8471516
22860500.0,15668735,,26446.0,Tin Học Hoàng Kim,1,,,2021-08-04 02:14:44+00:00,2021-08-13 16:29:02+00:00,11811488
8991318.0,15668735,,26446.0,Tin Học Hoàng Kim,2,,,2021-09-28 12:13:25+00:00,2021-10-17 11:57:41+00:00,14119951
24036053.0,15668735,,26446.0,Tin Học Hoàng Kim,4,,,2021-10-27 13:31:57+00:00,2021-11-01 12:45:50+00:00,14063871
19928089.0,15668735,,26446.0,Tin Học Hoàng Kim,2,,,2021-12-04 07:52:47+00:00,2021-12-10 23:04:09+00:00,13838107
476325.0,15668735,,26446.0,Tin Học Hoàng Kim,3,,,2021-11-28 08:17:29+00:00,2021-12-02 19:50:04+00:00,13607717
20930796.0,15668735,,26446.0,Tin Học Hoàng Kim,1,,,2021-12-01 04:06:19+00:00,2021-12-02 10:05:21+00:00,13600080
20760300.0,15668735,,26446.0,Tin Học Hoàng Kim,4,,,2021-08-19 08:48:05+00:00,2021-09-21 13:55:50+00:00,12294660
15347432.0,15668735,,26446.0,Tin Học Hoàng Kim,3,,,2021-09-26 16:43:33+00:00,2021-10-06 10:46:18+00:00,13420041
248796.0,15668735,,135006.0,Shop vi tính và camera hành trinh,2,,,2021-05-24 10:21:16+00:00,2021-05-26 15:38:01+00:00,9999677
10893545.0,15668735,,135006.0,Shop vi tính và camera hành trinh,2,,,2021-10-22 07:18:30+00:00,2021-10-24 10:04:29+00:00,13190906
7213819.0,15668735,,51328.0,TrucTuyen24h,2,,,2021-05-06 06:50:54+00:00,,10905556
7224839.0,15668735,,41292.0,Kho Hàng Vip,3,,,2021-04-08 05:04:04+00:00,2021-04-12 11:36:33+00:00,10131265
2040688.0,15668735,,26446.0,Tin Học Hoàng Kim,2,,,2021-10-06 19:03:09+00:00,2021-10-13 18:54:24+00:00,12600069
16462611.0,15668735,,51328.0,TrucTuyen24h,4,,,2021-10-09 05:19:47+00:00,2021-10-13 15:46:37+00:00,12873502
16742645.0,15668735,,26446.0,Tin Học Hoàng Kim,4,,,2021-08-20 10:53:09+00:00,2021-09-22 09:08:15+00:00,12871265
11852711.0,15668735,,41292.0,Kho Hàng Vip,2,,,2021-03-16 12:02:07+00:00,2021-03-18 09:16:36+00:00,8510065
2020231.0,15668735,,26446.0,Tin Học Hoàng Kim,3,,,2021-10-18 03:28:25+00:00,2021-10-20 09:42:50+00:00,12777849
17734094.0,15668735,,134572.0,camera hanhtrinh,3,,,2021-06-23 08:55:06+00:00,2021-06-26 13:32:12+00:00,11588417
14908720.0,15668735,,41292.0,Kho Hàng Vip,2,,,2021-01-17 11:41:17+00:00,2021-01-20 20:43:06+00:00,7138426
5458467.0,15668735,,134572.0,camera hanhtrinh,4,,,2021-04-28 12:45:57+00:00,2021-05-02 10:38:51+00:00,9452330
13489567.0,15668735,,41292.0,Kho Hàng Vip,1,,,2021-08-18 01:55:19+00:00,2021-08-27 17:03:02+00:00,12229643
20995931.0,15668735,,41292.0,Kho Hàng Vip,3,,,2021-04-08 02:02:57+00:00,2021-04-12 17:02:52+00:00,9388008
17088530.0,15668735,,26446.0,Tin Học Hoàng Kim,2,,,2021-08-07 04:13:22+00:00,2021-08-29 10:48:16+00:00,12045574
7585507.0,15668735,,26446.0,Tin Học Hoàng Kim,3,,,2019-11-03 11:55:09+00:00,2019-11-06 11:00:11+00:00,2621507
14223938.0,15668735,,41292.0,Kho Hàng Vip,4,,,2021-05-08 16:02:21+00:00,2021-05-13 15:41:02+00:00,11551114
21482919.0,15668735,,134572.0,camera hanhtrinh,3,,,2021-05-10 00:54:55+00:00,2021-05-11 09:20:58+00:00,10659173
12862501.0,15668735,,135006.0,Shop vi tính và camera hành trinh,3,,,2021-05-20 14:06:36+00:00,2021-05-22 12:07:03+00:00,9892340
7897359.0,15668735,,134572.0,camera hanhtrinh,3,,,2021-05-16 04:37:02+00:00,2021-05-21 09:51:38+00:00,10235939
7105234.0,15668735,,135006.0,Shop vi tính và camera hành trinh,1,,,2021-05-19 02:46:41+00:00,2021-05-20 17:52:19+00:00,9983077
21384290.0,15668735,,26446.0,Tin Học Hoàng Kim,1,,,2021-05-11 04:13:37+00:00,2021-05-14 16:11:24+00:00,9842376
568699.0,15668735,,26446.0,Tin Học Hoàng Kim,3,,,2021-05-05 15:29:17+00:00,2021-05-08 16:10:45+00:00,9608636
232548.0,15668735,,26446.0,Tin Học Hoàng Kim,2,,,2021-01-26 05:38:01+00:00,2021-01-27 11:06:36+00:00,7598647
1142046.0,15668735,,134572.0,camera hanhtrinh,2,,,2021-04-30 07:00:00+00:00,2021-05-04 14:47:44+00:00,9579546
5919700.0,15668735,,26446.0,Tin Học Hoàng Kim,3,,,2021-05-04 10:10:23+00:00,,9566083
21604539.0,15668735,,26446.0,Tin Học Hoàng Kim,1,,,2021-05-05 12:16:26+00:00,2021-05-07 10:07:41+00:00,9555226
6020811.0,15668735,,41292.0,Kho Hàng Vip,1,,,2021-02-27 03:10:55+00:00,2021-03-04 09:48:03+00:00,8154878
5826277.0,15668735,,134572.0,camera hanhtrinh,1,,,2021-02-23 12:41:08+00:00,2021-03-01 12:46:12+00:00,9383130
436859.0,15668735,,134572.0,camera hanhtrinh,1,,,2021-03-15 08:08:04+00:00,2021-03-18 13:14:06+00:00,8898710
15698262.0,15668735,,26446.0,Tin Học Hoàng Kim,2,,,2021-02-26 01:23:12+00:00,2021-02-27 09:27:30+00:00,8647622
16352863.0,15668735,,134572.0,camera hanhtrinh,3,,,2021-03-18 08:34:18+00:00,2021-03-22 09:36:35+00:00,8580689
8818576.0,15668735,,41292.0,Kho Hàng Vip,3,,,2021-03-06 11:46:46+00:00,2021-03-09 10:03:42+00:00,8569034
10937988.0,15668735,,26446.0,Tin Học Hoàng Kim,1,,,2021-03-15 07:57:19+00:00,2021-03-18 09:07:31+00:00,8484337
9723966.0,15668735,,26446.0,Tin Học Hoàng Kim,1,,,2021-03-07 02:13:44+00:00,2021-03-10 10:26:03+00:00,8306488
14724320.0,15668735,,26446.0,Tin Học Hoàng Kim,2,,,2020-09-11 15:42:33+00:00,2020-09-17 12:38:52+00:00,4947374
16912916.0,15668735,,26446.0,Tin Học Hoàng Kim,4,,,2020-08-06 05:59:10+00:00,2020-08-12 16:29:10+00:00,4432885
17533833.0,15668735,,41292.0,Kho Hàng Vip,2,,,2021-03-02 06:56:11+00:00,2021-03-04 11:07:13+00:00,8174082
52375.0,15668735,,41292.0,Kho Hàng Vip,4,,,2020-10-31 08:29:48+00:00,2020-11-05 11:13:22+00:00,5916238
20159759.0,15668735,,41292.0,Kho Hàng Vip,1,,,2021-02-02 15:40:28+00:00,2021-02-09 10:54:47+00:00,7704228
14713444.0,15668735,,26446.0,Tin Học Hoàng Kim,1,,,2019-11-01 02:05:29+00:00,2019-11-05 10:16:47+00:00,3041646
7373144.0,15668735,,26446.0,Tin Học Hoàng Kim,4,,,2020-11-29 02:11:29+00:00,2020-12-02 12:32:40+00:00,7597429
2096100.0,15668735,,26446.0,Tin Học Hoàng Kim,4,,,2020-09-18 07:16:17+00:00,2020-09-20 13:17:06+00:00,6139464
10389476.0,15668735,,26446.0,Tin Học Hoàng Kim,2,,,2020-11-09 06:26:19+00:00,2020-11-10 09:36:10+00:00,6818742
16587613.0,15668735,,41292.0,Kho Hàng Vip,3,,,2020-10-15 06:54:47+00:00,2020-10-16 12:09:27+00:00,6015503
5954417.0,15668735,,26446.0,Tin Học Hoàng Kim,1,,,2020-11-28 10:04:40+00:00,2020-12-01 11:03:42+00:00,5873965
13811482.0,15668735,,26446.0,Tin Học Hoàng Kim,3,,,2020-10-05 03:17:58+00:00,2020-10-06 13:40:27+00:00,5227176
10027951.0,15668735,,26446.0,Tin Học Hoàng Kim,1,,,2020-11-11 09:13:28+00:00,2020-11-13 17:40:05+00:00,5672781
18495797.0,15668735,,26446.0,Tin Học Hoàng Kim,1,,,2020-11-11 11:11:35+00:00,2020-11-13 14:03:52+00:00,5621065
1001634.0,15668735,,41292.0,Kho Hàng Vip,2,,,2020-11-11 14:37:34+00:00,2020-11-13 12:56:19+00:00,5617364
18748515.0,15668735,,41292.0,Kho Hàng Vip,2,,,2020-10-16 10:02:04+00:00,2020-10-20 11:58:45+00:00,5555632
274234.0,15668735,,26446.0,Tin Học Hoàng Kim,3,,,2020-11-04 12:26:58+00:00,2020-11-06 11:28:22+00:00,5490744
6389999.0,15668735,,41292.0,Kho Hàng Vip,2,,,2020-05-01 07:27:01+00:00,2020-05-04 16:02:59+00:00,3515860
14636878.0,15668735,,26446.0,Tin Học Hoàng Kim,1,,,2020-08-21 08:52:02+00:00,2020-08-24 10:47:21+00:00,5140108
7029227.0,15668735,,6563.0,4TECH JSC,1,,,2019-08-10 12:10:15+00:00,2019-08-16 09:29:03+00:00,2385356
6997739.0,15668735,,26446.0,Tin Học Hoàng Kim,3,,,2020-02-08 02:48:10+00:00,2020-02-09 11:08:09+00:00,4044650
5305102.0,15668735,,6563.0,4TECH JSC,2,,,2019-05-26 14:20:55+00:00,2019-05-31 21:55:37+00:00,2233062
10334978.0,15668735,,26446.0,Tin Học Hoàng Kim,4,,,2023-04-28 05:01:49+00:00,2023-04-28 15:21:13+00:00,19141357
42830.0,14370763,,12395.0,Vi Tính Lê Huy,1,,,2023-02-11 07:21:33+00:00,2023-02-14 11:03:40+00:00,18798328
5740583.0,14370763,,12395.0,Vi Tính Lê Huy,4,,,2022-06-14 07:30:31+00:00,2022-06-14 16:28:21+00:00,16709174
20845453.0,14370763,,12395.0,Vi Tính Lê Huy,4,,,2023-06-28 06:49:20+00:00,2023-06-30 10:26:16+00:00,19452314
484460.0,14370763,,12395.0,Vi Tính Lê Huy,3,,,2022-02-25 09:32:58+00:00,2022-02-28 11:51:11+00:00,15192575
2228153.0,14370763,,12395.0,Vi Tính Lê Huy,1,,,2022-11-08 18:17:24+00:00,2022-11-11 09:44:18+00:00,18869307
341163.0,14370763,,12395.0,Vi Tính Lê Huy,1,,,2022-07-11 04:35:21+00:00,2022-07-11 12:50:37+00:00,18523094
14630091.0,14370763,,12395.0,Vi Tính Lê Huy,1,,,2022-10-28 16:33:38+00:00,2022-10-31 14:04:30+00:00,18491397
19098107.0,14370763,,12395.0,Vi Tính Lê Huy,3,,,2022-05-26 14:59:10+00:00,2022-05-27 10:15:22+00:00,18024849
12342712.0,14370763,,12395.0,Vi Tính Lê Huy,4,,,2022-09-24 02:58:24+00:00,2022-09-24 10:56:37+00:00,18169291
1539082.0,14370763,,12395.0,Vi Tính Lê Huy,3,,,2022-09-09 01:58:30+00:00,2022-09-10 10:27:23+00:00,17748678
20588321.0,14370763,,12395.0,Vi Tính Lê Huy,2,,,2022-08-28 14:27:36+00:00,2022-08-29 09:18:49+00:00,17686918
8981970.0,14370763,,12395.0,Vi Tính Lê Huy,1,,,2021-12-24 11:35:09+00:00,2021-12-25 07:59:41+00:00,14061577
11418413.0,14370763,,12395.0,Vi Tính Lê Huy,4,,,2022-07-20 03:43:07+00:00,2022-07-23 09:30:19+00:00,17486313
10706813.0,14370763,,12395.0,Vi Tính Lê Huy,4,,,2022-09-24 01:55:27+00:00,2022-09-24 09:39:21+00:00,17781735
9903905.0,14370763,,12395.0,Vi Tính Lê Huy,4,,,2022-09-19 23:10:24+00:00,2022-09-20 08:51:58+00:00,17752477
28160890.0,14370763,,12395.0,Vi Tính Lê Huy,1,,,2022-09-16 07:45:31+00:00,2022-09-19 14:49:41+00:00,17749151
15910260.0,14370763,,12395.0,Vi Tính Lê Huy,4,,,2022-07-05 02:19:29+00:00,2022-07-05 16:29:27+00:00,17354713
9696786.0,14370763,,12395.0,Vi Tính Lê Huy,4,,,2022-06-24 01:09:13+00:00,2022-06-27 09:26:30+00:00,17339952
24230.0,14370763,,12395.0,Vi Tính Lê Huy,4,,,2022-06-17 11:38:23+00:00,2022-06-19 09:35:39+00:00,17214143
7731089.0,14370763,,12395.0,Vi Tính Lê Huy,1,,,2022-06-22 14:29:31+00:00,2022-06-23 08:54:19+00:00,17042400
1974288.0,14370763,,12395.0,Vi Tính Lê Huy,2,,,2021-12-04 07:28:08+00:00,2021-12-05 10:32:22+00:00,13638766
6484271.0,14370763,,12395.0,Vi Tính Lê Huy,3,,,2022-06-15 12:15:30+00:00,2022-06-16 09:30:21+00:00,16731928
183950.0,14370763,,12395.0,Vi Tính Lê Huy,1,,,2022-06-04 11:56:59+00:00,2022-06-05 08:18:00+00:00,16698409
5625436.0,14370763,,12395.0,Vi Tính Lê Huy,2,,,2022-05-14 06:23:47+00:00,2022-05-15 09:34:22+00:00,16662201
17998027.0,14370763,,12395.0,Vi Tính Lê Huy,3,,,2022-02-19 02:01:21+00:00,2022-02-20 16:34:29+00:00,15151456
10637138.0,14370763,,12395.0,Vi Tính Lê Huy,4,,,2022-05-03 04:51:32+00:00,2022-05-03 13:27:07+00:00,16194343
10931928.0,14370763,,12395.0,Vi Tính Lê Huy,4,,,2022-05-10 01:14:16+00:00,2022-05-10 10:35:12+00:00,16327291
22871400.0,14370763,,12395.0,Vi Tính Lê Huy,1,,,2021-11-24 12:39:24+00:00,2021-11-27 09:27:39+00:00,15058045
380173.0,14370763,,12395.0,Vi Tính Lê Huy,4,,,2022-03-31 06:19:36+00:00,2022-03-31 15:16:03+00:00,16002427
17928410.0,14370763,,12395.0,Vi Tính Lê Huy,2,,,2022-03-29 00:21:08+00:00,2022-03-30 10:45:29+00:00,15688766
1438331.0,14370763,,12395.0,Vi Tính Lê Huy,1,,,2022-03-03 07:24:14+00:00,2022-03-03 15:36:04+00:00,15412364
5230911.0,14370763,,12395.0,Vi Tính Lê Huy,1,,,2021-12-11 07:28:31+00:00,2021-12-12 10:06:48+00:00,14790361
7601505.0,14370763,,12395.0,Vi Tính Lê Huy,1,,,2022-02-11 08:20:48+00:00,2022-02-14 13:22:27+00:00,15128729
1226189.0,14370763,,12395.0,Vi Tính Lê Huy,3,,,2021-12-04 05:13:26+00:00,2021-12-04 14:58:53+00:00,15094387
17789537.0,14370763,,12395.0,Vi Tính Lê Huy,2,,,2022-01-13 14:44:39+00:00,2022-01-16 14:13:02+00:00,14882382
7683239.0,14370763,,12395.0,Vi Tính Lê Huy,1,,,2021-12-07 09:17:26+00:00,2021-12-08 13:46:27+00:00,13983123
17323561.0,14370763,,12395.0,Vi Tính Lê Huy,4,,,2021-10-24 03:41:36+00:00,2021-10-26 19:18:35+00:00,14024294
19783277.0,14370763,,12395.0,Vi Tính Lê Huy,2,,,2021-10-25 04:05:37+00:00,2021-10-28 10:32:33+00:00,13026888
22106908.0,14370763,,12395.0,Vi Tính Lê Huy,1,,,2021-10-17 06:10:05+00:00,2021-10-17 15:53:42+00:00,12900419
1466961.0,14370763,,12395.0,Vi Tính Lê Huy,1,,,2021-10-12 08:05:15+00:00,2021-10-12 17:19:13+00:00,12581552
845638.0,14370763,,12395.0,Vi Tính Lê Huy,4,,,2019-10-06 04:45:49+00:00,2019-10-08 16:21:21+00:00,2533422
17483145.0,14370763,,12395.0,Vi Tính Lê Huy,1,,,2020-08-05 06:44:21+00:00,2020-08-06 12:32:06+00:00,4579104
8364905.0,14370763,,12395.0,Vi Tính Lê Huy,1,,,2020-08-25 13:49:15+00:00,2020-08-27 13:04:31+00:00,4650309
1483370.0,1406949,,1.0,Tiki Trading,1,,,2021-06-28 14:19:21+00:00,2021-06-29 11:50:10+00:00,10744006
265126.0,1406949,,1.0,Tiki Trading,2,,,2020-10-02 03:06:34+00:00,2020-10-03 13:10:36+00:00,5280385
10637138.0,1406949,,915.0,Nova Computer,1,,,2025-12-13 02:17:00+00:00,2025-12-14 16:12:22+00:00,20222669
9052288.0,1406949,,1.0,Tiki Trading,3,,,2021-05-21 02:01:21+00:00,2021-05-23 10:14:03+00:00,9916581
28154955.0,1406949,,915.0,Nova Computer,2,,,2026-01-26 05:05:26+00:00,2026-01-28 12:50:22+00:00,20208981
30321033.0,1406949,,915.0,Nova Computer,4,,,2025-10-03 08:37:28+00:00,2025-10-05 09:41:14+00:00,20194436
1967075.0,1406949,,1.0,Tiki Trading,2,,,2020-04-05 10:32:22+00:00,2020-04-06 09:44:29+00:00,3336845
26610602.0,1406949,,1.0,Tiki Trading,2,,,2022-03-11 14:21:43+00:00,2022-03-15 13:32:25+00:00,15488026
22328949.0,1406949,,915.0,Nova Computer,1,,,2024-11-28 02:41:58+00:00,2024-11-29 13:57:29+00:00,20040608
9939806.0,1406949,,915.0,Nova Computer,2,,,2025-02-08 01:55:07+00:00,2025-02-10 16:02:57+00:00,20085452
5402056.0,1406949,,915.0,Nova Computer,3,,,2025-01-12 15:32:54+00:00,2025-01-14 13:59:43+00:00,20069524
29874125.0,1406949,,915.0,Nova Computer,4,,,2024-08-16 11:08:20+00:00,2024-08-18 19:01:20+00:00,20035447
23105048.0,1406949,,12395.0,Vi Tính Lê Huy,2,,,2021-09-08 18:55:30+00:00,2021-09-09 12:49:48+00:00,12154512
8916789.0,1406949,,1.0,Tiki Trading,2,,,2020-11-22 17:18:01+00:00,2020-11-23 16:41:17+00:00,5784992
9753927.0,1406949,,1.0,Tiki Trading,3,,,2020-12-23 10:00:05+00:00,2020-12-24 09:42:10+00:00,6462845
641698.0,1406949,,1.0,Tiki Trading,1,,,2020-05-12 15:39:20+00:00,2020-05-14 12:36:46+00:00,3561934
1194778.0,1406949,,1.0,Tiki Trading,3,,,2020-09-22 08:00:23+00:00,2020-10-02 11:11:42+00:00,5104536
1991157.0,1406949,,915.0,Nova Computer,3,,,2023-09-20 07:15:21+00:00,2023-09-21 14:17:34+00:00,19545302
5774983.0,1406949,,1.0,Tiki Trading,3,,,2021-10-31 10:19:22+00:00,2021-11-01 08:06:47+00:00,12972092
23464892.0,1406949,,12395.0,Vi Tính Lê Huy,2,,,2021-10-10 01:38:34+00:00,2021-10-18 09:12:25+00:00,13026984
6534738.0,1406949,,1.0,Tiki Trading,2,,,2021-04-11 02:35:14+00:00,2021-04-11 10:52:52+00:00,9160233
17954732.0,1406949,,915.0,Nova Computer,3,,,2023-02-19 16:06:42+00:00,2023-02-22 13:47:34+00:00,19431453
1816420.0,1406949,,1.0,Tiki Trading,4,,,2021-03-12 07:52:31+00:00,2021-03-12 16:42:12+00:00,8483314
10002072.0,1406949,,1.0,Tiki Trading,4,,,2020-05-18 15:48:57+00:00,2020-05-20 12:22:59+00:00,3602397
39118.0,1406949,,1.0,Tiki Trading,1,,,2020-02-28 07:24:22+00:00,2020-02-28 16:35:47+00:00,3096432
12252122.0,1406949,,1.0,Tiki Trading,2,,,2020-09-15 12:21:38+00:00,2020-09-16 12:04:48+00:00,5256780
8577287.0,1406949,,1.0,Tiki Trading,4,,,2021-05-16 20:42:19+00:00,2021-05-18 10:53:18+00:00,9805991
938001.0,1406949,,12395.0,Vi Tính Lê Huy,1,,,2022-02-22 03:39:19+00:00,2022-02-22 13:12:29+00:00,15197624
5191961.0,1406949,,76494.0,OneBee,3,,,2019-11-27 05:42:50+00:00,2019-11-29 14:09:41+00:00,2709422
71770.0,1406949,,1.0,Tiki Trading,1,,,2020-10-16 03:37:11+00:00,2020-10-17 12:23:19+00:00,12723335
10030076.0,1406949,,1.0,Tiki Trading,2,,,2022-02-11 07:15:15+00:00,2022-02-12 10:04:58+00:00,14917589
1834101.0,1406949,,8948.0,A4Tech Official Store,2,,,2019-08-25 17:21:23+00:00,2019-08-31 17:46:33+00:00,2455605
741087.0,1406949,,1.0,Tiki Trading,4,,,2022-01-14 11:54:00+00:00,2022-01-15 09:43:58+00:00,14658565
28799941.0,1406949,,915.0,Nova Computer,2,,,2023-02-10 08:51:42+00:00,2023-02-14 08:35:51+00:00,18842613
9719372.0,1406949,,1.0,Tiki Trading,2,,,2020-06-28 15:43:24+00:00,2020-07-01 13:23:04+00:00,3969297
12188809.0,1406949,,1.0,Tiki Trading,2,,,2022-06-16 04:51:46+00:00,2022-06-16 16:44:31+00:00,16962445
12224704.0,1406949,,915.0,Nova Computer,1,,,2022-06-17 15:00:11+00:00,2022-06-21 08:19:58+00:00,16948523
18147531.0,1406949,,915.0,Nova Computer,2,,,2022-11-17 16:01:41+00:00,2022-11-19 09:59:20+00:00,18266039
1049390.0,1406949,,76494.0,OneBee,1,,,2019-12-24 22:09:46+00:00,2019-12-29 11:27:29+00:00,2826199
1286365.0,1406949,,1.0,Tiki Trading,4,,,2020-03-03 06:12:22+00:00,2020-03-04 10:07:04+00:00,3103846
9296683.0,1406949,,1.0,Tiki Trading,1,,,2022-03-07 02:09:03+00:00,2022-03-08 13:33:20+00:00,15796371
15835423.0,1406949,,12395.0,Vi Tính Lê Huy,1,,,2021-11-30 07:38:51+00:00,2021-11-30 16:52:56+00:00,13788412
697341.0,1406949,,8948.0,A4Tech Official Store,2,,,2019-04-03 07:50:41+00:00,2019-04-04 13:01:54+00:00,2147668
26337791.0,1406949,,915.0,Nova Computer,2,,,2022-08-10 06:48:47+00:00,2022-08-12 11:11:33+00:00,17929584
986721.0,1406949,,1.0,Tiki Trading,1,,,2020-11-18 00:52:56+00:00,2020-11-19 11:06:14+00:00,5682071
14545496.0,1406949,,1.0,Tiki Trading,1,,,2021-01-02 04:28:49+00:00,2021-01-04 11:52:13+00:00,6740234
523490.0,1406949,,12395.0,Vi Tính Lê Huy,2,,,2021-08-25 01:28:08+00:00,2021-09-06 15:20:42+00:00,12113644
6798571.0,1406949,,417.0,Vi Tính Quốc Vy,4,,,2021-03-30 09:30:52+00:00,2021-04-01 13:55:07+00:00,10383955
673495.0,1406949,,1.0,Tiki Trading,3,,,2022-04-12 04:38:09+00:00,2022-04-12 16:08:01+00:00,15898469
796643.0,1406949,,915.0,Nova Computer,3,,,2018-11-26 14:48:59+00:00,2018-11-30 10:34:05+00:00,2003550
8356054.0,1406949,,1.0,Tiki Trading,3,,,2022-06-08 09:26:17+00:00,2022-06-08 18:12:05+00:00,16639284
16764360.0,1406949,,12395.0,Vi Tính Lê Huy,3,,,2021-07-02 09:52:38+00:00,2021-07-06 11:54:07+00:00,15505689
13563518.0,1406949,,1.0,Tiki Trading,4,,,2022-04-05 06:51:40+00:00,2022-04-05 15:13:27+00:00,16570347
1486448.0,1406949,,1.0,Tiki Trading,4,,,2021-11-01 15:08:57+00:00,2021-11-02 09:04:01+00:00,13165205
20600734.0,1406949,,417.0,Vi Tính Quốc Vy,4,,,2021-10-18 02:15:59+00:00,2021-10-26 09:20:59+00:00,13016591
26086959.0,1406949,,1.0,Tiki Trading,2,,,2022-04-09 07:01:41+00:00,2022-04-09 16:56:32+00:00,15854507
26405099.0,1406949,,1.0,Tiki Trading,3,,,2022-04-04 06:38:13+00:00,2022-04-07 09:33:59+00:00,15809871
16047546.0,1406949,,1.0,Tiki Trading,3,,,2022-02-25 13:02:11+00:00,2022-02-26 09:43:25+00:00,15176690
10315693.0,1406949,,1.0,Tiki Trading,3,,,2022-03-20 17:56:07+00:00,2022-03-23 09:34:13+00:00,15560450
20507565.0,1406949,,1.0,Tiki Trading,2,,,2022-03-14 14:51:48+00:00,2022-03-18 12:29:35+00:00,15558729
14805421.0,1406949,,1.0,Tiki Trading,2,,,2020-10-13 04:06:37+00:00,2020-10-13 15:07:45+00:00,5781886
2078603.0,1406949,,1.0,Tiki Trading,4,,,2021-03-24 14:02:32+00:00,2021-03-25 08:41:40+00:00,10424685
6437587.0,1406949,,1.0,Tiki Trading,3,,,2021-12-23 08:31:45+00:00,2021-12-23 17:29:10+00:00,14712323
21331496.0,1406949,,12395.0,Vi Tính Lê Huy,3,,,2021-12-07 05:01:20+00:00,2021-12-07 14:11:06+00:00,14862910
8224641.0,1406949,,1.0,Tiki Trading,3,,,2020-02-03 12:57:07+00:00,2020-02-05 07:33:53+00:00,3467962
5349616.0,1406949,,1.0,Tiki Trading,4,,,2022-02-11 03:59:27+00:00,2022-02-11 12:39:37+00:00,14956277
9733158.0,1406949,,1.0,Tiki Trading,4,,,2022-02-07 07:04:37+00:00,2022-02-10 09:59:14+00:00,14899410
55938.0,1406949,,12395.0,Vi Tính Lê Huy,1,,,2022-01-01 16:23:56+00:00,2022-01-03 10:36:59+00:00,14858928
9738068.0,1406949,,12395.0,Vi Tính Lê Huy,1,,,2021-12-29 08:34:42+00:00,2021-12-30 11:17:16+00:00,14438050
6722822.0,1406949,,1.0,Tiki Trading,4,,,2021-12-19 03:17:37+00:00,2021-12-20 11:18:32+00:00,14814053
1169725.0,1406949,,1.0,Tiki Trading,2,,,2022-01-27 01:15:26+00:00,2022-01-27 10:28:10+00:00,14782580
7564133.0,1406949,,12395.0,Vi Tính Lê Huy,3,,,2021-08-16 08:05:07+00:00,2021-08-17 10:19:26+00:00,12356143
17139823.0,1406949,,12395.0,Vi Tính Lê Huy,2,,,2021-08-13 00:19:11+00:00,2021-08-13 09:35:54+00:00,12989977
5261505.0,1406949,,1.0,Tiki Trading,2,,,2021-05-28 15:17:03+00:00,2021-06-01 09:11:37+00:00,11100085
8099251.0,1406949,,1.0,Tiki Trading,3,,,2022-01-02 01:59:51+00:00,2022-01-02 10:39:11+00:00,14746330
21757599.0,1406949,,1.0,Tiki Trading,2,,,2021-12-15 15:56:51+00:00,2021-12-19 15:35:07+00:00,14599871
22553311.0,1406949,,12395.0,Vi Tính Lê Huy,3,,,2021-10-08 06:44:08+00:00,2021-10-08 14:32:26+00:00,12670321
1608570.0,1406949,,12395.0,Vi Tính Lê Huy,4,,,2021-07-13 10:28:02+00:00,2021-07-13 20:09:57+00:00,11145908
6438798.0,1406949,,1.0,Tiki Trading,3,,,2021-12-12 14:11:30+00:00,2021-12-13 09:12:03+00:00,14310804
7173521.0,1406949,,12395.0,Vi Tính Lê Huy,4,,,2021-11-22 07:07:35+00:00,2021-11-26 19:08:46+00:00,13604332
689072.0,1406949,,12395.0,Vi Tính Lê Huy,3,,,2021-08-27 16:25:24+00:00,2021-09-06 20:10:33+00:00,12268147
5493316.0,1406949,,1.0,Tiki Trading,3,,,2021-10-21 09:52:10+00:00,2021-10-21 18:14:22+00:00,12750243
19087723.0,1406949,,12395.0,Vi Tính Lê Huy,3,,,2021-12-21 03:43:34+00:00,2021-12-21 17:05:14+00:00,13978998
409373.0,1406949,,1.0,Tiki Trading,3,,,2021-11-13 08:55:35+00:00,2021-11-13 16:28:09+00:00,13852484
14450580.0,1406949,,1.0,Tiki Trading,3,,,2021-10-26 03:42:48+00:00,2021-10-26 12:25:47+00:00,13573628
5290370.0,1406949,,1.0,Tiki Trading,1,,,2021-11-11 08:35:56+00:00,2021-11-11 18:23:59+00:00,13504283
8414634.0,1406949,,1.0,Tiki Trading,2,,,2021-05-29 07:48:31+00:00,2021-05-31 09:26:43+00:00,10128420
8686379.0,1406949,,1.0,Tiki Trading,3,,,2021-05-16 09:41:25+00:00,2021-05-17 13:52:49+00:00,10988993
17400877.0,1406949,,1.0,Tiki Trading,2,,,2021-11-12 03:59:11+00:00,2021-11-12 12:58:01+00:00,13181942
16897747.0,1406949,,1.0,Tiki Trading,2,,,2021-04-17 06:37:16+00:00,2021-04-19 11:45:14+00:00,10304716
13462539.0,1406949,,12395.0,Vi Tính Lê Huy,1,,,2021-05-22 15:50:50+00:00,2021-05-24 09:08:11+00:00,10120311
934821.0,1406949,,1.0,Tiki Trading,4,,,2021-11-03 02:39:16+00:00,2021-11-03 11:11:17+00:00,13036962
1588938.0,1406949,,12395.0,Vi Tính Lê Huy,3,,,2021-10-07 18:58:14+00:00,2021-10-11 12:28:03+00:00,12915091
11473767.0,1406949,,12395.0,Vi Tính Lê Huy,2,,,2021-08-16 08:57:13+00:00,2021-08-17 12:44:21+00:00,12887663
763484.0,1406949,,1.0,Tiki Trading,4,,,2020-10-05 05:48:21+00:00,2020-10-06 09:04:06+00:00,5350700
2124184.0,1406949,,1.0,Tiki Trading,2,,,2020-11-18 02:36:54+00:00,2020-11-18 13:20:50+00:00,7881775
17681791.0,1406949,,12395.0,Vi Tính Lê Huy,1,,,2021-10-09 04:11:32+00:00,2021-10-09 13:11:08+00:00,12603148
18289347.0,1406949,,417.0,Vi Tính Quốc Vy,2,,,2021-09-30 06:56:48+00:00,2021-10-06 12:15:48+00:00,12559329
514767.0,1406949,,1.0,Tiki Trading,2,,,2020-02-13 02:22:34+00:00,2020-02-13 15:08:55+00:00,3464924
5322692.0,1406949,,12395.0,Vi Tính Lê Huy,3,,,2021-08-14 06:29:51+00:00,2021-08-14 15:50:28+00:00,12447741
1708286.0,1406949,,1.0,Tiki Trading,2,,,2021-04-21 13:27:37+00:00,2021-04-23 12:52:09+00:00,9272003
9617464.0,1406949,,1.0,Tiki Trading,2,,,2021-03-13 15:47:27+00:00,2021-03-15 10:32:15+00:00,8427083
2104612.0,1406949,,1.0,Tiki Trading,4,,,2020-01-07 15:20:08+00:00,2020-01-09 16:15:56+00:00,2851107
2191863.0,1406949,,1.0,Tiki Trading,3,,,2020-02-02 12:14:41+00:00,2020-02-04 11:00:10+00:00,4131899
9619136.0,1406949,,12395.0,Vi Tính Lê Huy,1,,,2021-08-10 07:48:57+00:00,2021-08-10 16:10:10+00:00,11797095
6195430.0,1406949,,1.0,Tiki Trading,2,,,2021-06-18 02:07:30+00:00,2021-08-04 14:21:55+00:00,11607407
1211597.0,1406949,,1.0,Tiki Trading,2,,,2020-10-19 06:35:42+00:00,2020-10-20 13:27:56+00:00,5385051
8940096.0,1406949,,1.0,Tiki Trading,1,,,2021-06-04 01:27:54+00:00,2021-06-07 16:22:09+00:00,10592250
11716688.0,1406949,,1.0,Tiki Trading,4,,,2021-05-24 02:58:36+00:00,2021-05-25 17:36:49+00:00,11603924
5781087.0,1406949,,1.0,Tiki Trading,3,,,2020-10-09 11:04:08+00:00,2020-10-10 08:52:19+00:00,5151109
,1406949,,,,2,,,,,11503356
19172592.0,1406949,,12395.0,Vi Tính Lê Huy,4,,,2021-07-11 08:45:43+00:00,2021-07-11 17:01:35+00:00,11341910
6118088.0,1406949,,1.0,Tiki Trading,4,,,2021-07-09 18:34:02+00:00,2021-07-10 08:36:21+00:00,11327571
22267562.0,1406949,,12395.0,Vi Tính Lê Huy,3,,,2021-06-20 03:56:12+00:00,2021-06-29 10:50:24+00:00,10778207
19479024.0,1406949,,1.0,Tiki Trading,2,,,2021-04-16 13:10:46+00:00,2021-04-17 09:50:25+00:00,11124198
9262952.0,1406949,,1.0,Tiki Trading,2,,,2021-04-19 00:59:25+00:00,2021-04-20 08:24:12+00:00,11080662
7336328.0,1406949,,1.0,Tiki Trading,1,,,2021-04-24 16:13:26+00:00,2021-04-25 16:23:31+00:00,11056207
12267234.0,1406949,,12395.0,Vi Tính Lê Huy,1,,,2021-06-19 00:22:13+00:00,2021-06-26 13:18:25+00:00,10675352
12261301.0,1406949,,1.0,Tiki Trading,4,,,2021-04-20 13:41:53+00:00,2021-04-21 08:51:13+00:00,10682912
229329.0,1406949,,417.0,Vi Tính Quốc Vy,2,,,2021-06-24 02:08:04+00:00,2021-06-25 10:44:09+00:00,10666687
1988335.0,1406949,,1.0,Tiki Trading,2,,,2020-06-19 23:45:32+00:00,2020-06-20 17:12:09+00:00,3875505
18476693.0,1406949,,1.0,Tiki Trading,4,,,2020-09-16 00:29:26+00:00,2020-09-21 15:18:10+00:00,4954134
1350128.0,1406949,,1.0,Tiki Trading,2,,,2021-06-22 03:42:48+00:00,2021-06-22 12:07:51+00:00,10610229
2172840.0,1406949,,1.0,Tiki Trading,2,,,2021-06-07 09:18:47+00:00,2021-06-07 19:40:43+00:00,10327374
6427987.0,1406949,,1.0,Tiki Trading,1,,,2021-03-29 00:51:54+00:00,2021-03-29 09:10:55+00:00,10310064
11239607.0,1406949,,1.0,Tiki Trading,2,,,2021-03-21 10:24:29+00:00,2021-03-22 10:30:37+00:00,10176868
9183048.0,1406949,,1.0,Tiki Trading,4,,,2021-05-26 03:44:58+00:00,2021-05-27 12:52:04+00:00,10090804
12331063.0,1406949,,1.0,Tiki Trading,2,,,2021-05-11 06:33:14+00:00,2021-05-11 15:38:57+00:00,10068540
261651.0,1406949,,1.0,Tiki Trading,4,,,2021-05-11 15:19:09+00:00,2021-05-13 13:30:04+00:00,9733721
6997634.0,1406949,,1.0,Tiki Trading,1,,,2021-04-07 03:24:48+00:00,2021-04-09 10:20:13+00:00,9947700
16789250.0,1406949,,1.0,Tiki Trading,2,,,2021-04-21 14:41:47+00:00,2021-04-23 16:47:03+00:00,9917031
161866.0,1406949,,1.0,Tiki Trading,4,,,2021-05-10 10:07:24+00:00,2021-05-11 14:45:20+00:00,9885877
736020.0,1406949,,1.0,Tiki Trading,4,,,2021-05-12 00:37:21+00:00,2021-05-12 08:55:15+00:00,9795300
1641000.0,1406949,,1.0,Tiki Trading,1,,,2020-04-02 04:59:50+00:00,2020-04-02 17:42:37+00:00,3337887
13680405.0,1406949,,1.0,Tiki Trading,2,,,2020-11-27 01:47:16+00:00,2020-11-27 11:57:19+00:00,6537415
13147701.0,1406949,,1.0,Tiki Trading,2,,,2021-01-30 16:48:54+00:00,2021-02-02 12:57:07+00:00,7508177
1671020.0,1406949,,76494.0,OneBee,4,,,2019-10-08 02:45:59+00:00,2019-10-10 13:58:58+00:00,2531780
5751358.0,1406949,,1.0,Tiki Trading,4,,,2021-04-29 04:57:41+00:00,2021-05-02 14:40:36+00:00,9472033
357187.0,1406949,,1.0,Tiki Trading,3,,,2021-04-26 11:32:14+00:00,2021-04-27 15:04:46+00:00,9443910
490603.0,1406949,,1.0,Tiki Trading,3,,,2021-04-22 16:48:39+00:00,2021-04-23 09:19:21+00:00,9295290
13136299.0,1406949,,1.0,Tiki Trading,3,,,2021-04-12 09:03:49+00:00,2021-04-13 10:53:53+00:00,9219133
19974539.0,1406949,,1.0,Tiki Trading,2,,,2021-04-10 16:37:39+00:00,2021-04-12 10:59:44+00:00,9217692
17928311.0,1406949,,1.0,Tiki Trading,3,,,2020-09-15 07:51:59+00:00,2020-09-16 09:40:13+00:00,4868405
1028281.0,1406949,,1.0,Tiki Trading,2,,,2021-04-16 03:11:47+00:00,2021-04-16 12:51:32+00:00,9165805
12089223.0,1406949,,1.0,Tiki Trading,3,,,2021-03-21 12:50:29+00:00,2021-03-22 12:36:11+00:00,9091790
2225629.0,1406949,,1.0,Tiki Trading,4,,,2021-04-02 18:10:16+00:00,2021-04-05 13:06:55+00:00,9017228
5415933.0,1406949,,1.0,Tiki Trading,2,,,2021-02-01 07:58:45+00:00,2021-02-02 11:55:44+00:00,7616492
8832751.0,1406949,,1.0,Tiki Trading,3,,,2021-03-25 10:25:17+00:00,2021-03-25 19:15:37+00:00,9002767
5608530.0,1406949,,1.0,Tiki Trading,4,,,2020-01-15 01:10:43+00:00,2020-01-17 12:18:02+00:00,2897485
15403465.0,1406949,,1.0,Tiki Trading,3,,,2021-04-03 04:22:11+00:00,2021-04-03 13:29:33+00:00,8865533
9644029.0,1406949,,1.0,Tiki Trading,2,,,2021-03-28 01:49:55+00:00,2021-03-28 10:24:41+00:00,8794273
2149138.0,1406949,,1.0,Tiki Trading,4,,,2021-03-03 11:52:55+00:00,2021-03-04 09:07:01+00:00,8761313
5923747.0,1406949,,1.0,Tiki Trading,3,,,2021-03-19 04:06:26+00:00,2021-03-19 12:08:25+00:00,8559097
554880.0,1406949,,1.0,Tiki Trading,3,,,2021-03-08 08:35:22+00:00,2021-03-08 17:24:10+00:00,8541949
6773298.0,1406949,,1.0,Tiki Trading,4,,,2021-02-27 18:27:39+00:00,2021-02-28 15:52:06+00:00,8060080
5754740.0,1406949,,1.0,Tiki Trading,2,,,2021-03-14 08:41:23+00:00,2021-03-16 12:12:07+00:00,8480289
8276256.0,1406949,,1.0,Tiki Trading,3,,,2021-03-12 04:22:44+00:00,2021-03-13 08:46:18+00:00,8412043
15247094.0,1406949,,1.0,Tiki Trading,1,,,2020-12-29 02:19:36+00:00,2020-12-29 14:45:16+00:00,8391970
886010.0,1406949,,1.0,Tiki Trading,4,,,2021-03-03 12:04:51+00:00,2021-03-04 14:19:56+00:00,8170028
14769351.0,1406949,,1.0,Tiki Trading,2,,,2021-02-15 09:33:11+00:00,2021-02-16 09:27:46+00:00,8016252
13869819.0,1406949,,1.0,Tiki Trading,3,,,2020-11-11 08:17:08+00:00,2020-11-12 13:10:25+00:00,7917275
420071.0,1406949,,1.0,Tiki Trading,4,,,2020-05-23 08:09:39+00:00,2020-05-25 17:05:45+00:00,4390100
7218944.0,1406949,,1.0,Tiki Trading,4,,,2020-10-12 06:58:51+00:00,2020-10-12 17:20:00+00:00,6198220
573764.0,1406949,,1.0,Tiki Trading,2,,,2021-01-11 11:59:59+00:00,2021-01-12 11:57:08+00:00,7886144
13942790.0,1406949,,1.0,Tiki Trading,2,,,2020-07-21 07:33:28+00:00,2020-07-22 10:56:58+00:00,4450788
1278553.0,1406949,,915.0,Nova Computer,4,,,2019-07-19 08:50:04+00:00,2019-07-23 14:37:39+00:00,2410186
13348452.0,1406949,,1.0,Tiki Trading,1,,,2020-12-16 07:13:35+00:00,2020-12-18 10:38:10+00:00,7688937
6159904.0,1406949,,1.0,Tiki Trading,4,,,2021-02-04 04:23:30+00:00,2021-02-04 15:16:26+00:00,7687127
8942013.0,1406949,,1.0,Tiki Trading,1,,,2020-04-05 03:41:09+00:00,2020-04-08 07:42:04+00:00,3374806
8823501.0,1406949,,1.0,Tiki Trading,3,,,2021-01-08 14:06:54+00:00,2021-01-09 11:03:19+00:00,7587889
1150467.0,1406949,,1.0,Tiki Trading,4,,,2020-10-17 01:59:15+00:00,2020-10-20 16:18:05+00:00,7348034
874938.0,1406949,,12395.0,Vi Tính Lê Huy,1,,,2021-01-24 12:11:03+00:00,2021-01-26 15:59:36+00:00,7273955
1759289.0,1406949,,1.0,Tiki Trading,1,,,2021-01-23 16:27:14+00:00,2021-01-24 13:25:52+00:00,7209295
18924601.0,1406949,,1.0,Tiki Trading,3,,,2020-11-05 12:14:58+00:00,2020-11-08 15:10:03+00:00,7200193
686926.0,1406949,,76494.0,OneBee,4,,,2019-11-12 12:09:00+00:00,2019-11-13 12:28:50+00:00,2659058
130188.0,1406949,,1.0,Tiki Trading,1,,,2020-12-23 08:22:18+00:00,2020-12-24 13:01:01+00:00,7050468
52885.0,1406949,,1.0,Tiki Trading,1,,,2020-06-23 15:42:56+00:00,2020-06-24 18:24:35+00:00,3959554
12097995.0,1406949,,1.0,Tiki Trading,1,,,2021-01-11 06:45:11+00:00,2021-01-11 17:58:13+00:00,6919699
18455145.0,1406949,,1.0,Tiki Trading,2,,,2020-10-21 01:16:16+00:00,2020-10-21 13:47:53+00:00,6868604
1843597.0,1406949,,1.0,Tiki Trading,1,,,2020-12-18 10:52:59+00:00,2020-12-19 14:59:04+00:00,6839125
9693791.0,1406949,,1.0,Tiki Trading,2,,,2020-05-21 00:00:18+00:00,2020-05-23 17:57:54+00:00,3671723
6061756.0,1406949,,1.0,Tiki Trading,2,,,2021-01-06 05:38:05+00:00,2021-01-07 12:09:11+00:00,6779619
8764746.0,1406949,,1.0,Tiki Trading,4,,,2020-12-19 18:27:44+00:00,2020-12-21 14:09:53+00:00,6609962
10249634.0,1406949,,1.0,Tiki Trading,1,,,2020-03-19 17:18:38+00:00,2020-03-20 10:43:54+00:00,3261268
13651715.0,1406949,,1.0,Tiki Trading,4,,,2020-11-10 15:52:02+00:00,2020-11-11 10:35:29+00:00,6585540
7551557.0,1406949,,1.0,Tiki Trading,2,,,2020-12-17 04:36:05+00:00,2020-12-19 12:02:28+00:00,6580997
7746298.0,1406949,,12395.0,Vi Tính Lê Huy,4,,,2020-12-14 02:18:04+00:00,2020-12-14 15:33:32+00:00,6563106
5669646.0,1406949,,1.0,Tiki Trading,4,,,2020-12-24 09:28:51+00:00,2020-12-26 14:44:29+00:00,6547908
542641.0,1406949,,1.0,Tiki Trading,3,,,2020-11-25 05:06:30+00:00,2020-11-25 18:09:19+00:00,6534760
10357862.0,1406949,,76494.0,OneBee,4,,,2020-07-14 07:25:52+00:00,2020-07-20 18:11:58+00:00,4153139
13110046.0,1406949,,1.0,Tiki Trading,3,,,2020-12-24 03:04:22+00:00,2020-12-24 14:40:58+00:00,6482017
2236963.0,1406949,,1.0,Tiki Trading,1,,,2020-12-06 06:48:56+00:00,2020-12-07 13:25:58+00:00,6460739
18893314.0,1406949,,1.0,Tiki Trading,3,,,2020-10-16 07:56:32+00:00,2020-10-17 11:45:01+00:00,6440639
6998202.0,1406949,,1.0,Tiki Trading,3,,,2020-11-10 16:25:47+00:00,2020-11-11 10:56:59+00:00,6425007
7565868.0,1406949,,1.0,Tiki Trading,3,,,2020-12-14 12:38:58+00:00,2020-12-15 09:47:05+00:00,6215147
10660963.0,1406949,,1.0,Tiki Trading,3,,,2020-11-21 06:04:30+00:00,2020-11-23 11:06:04+00:00,6128764
1143164.0,1406949,,1.0,Tiki Trading,4,,,2020-11-20 05:54:53+00:00,2020-11-21 06:57:40+00:00,6068596
1090269.0,1406949,,1.0,Tiki Trading,2,,,2020-02-18 07:46:48+00:00,2020-02-20 13:50:40+00:00,3034908
12805132.0,1406949,,1.0,Tiki Trading,3,,,2020-11-03 04:28:01+00:00,2020-11-05 10:45:10+00:00,5785422
1168042.0,1406949,,1.0,Tiki Trading,1,,,2020-10-28 09:37:43+00:00,2020-10-29 07:38:14+00:00,5739851
5596092.0,1406949,,1.0,Tiki Trading,1,,,2020-10-22 03:25:02+00:00,2020-10-23 08:29:56+00:00,5723474
12556883.0,1406949,,1.0,Tiki Trading,2,,,2020-01-02 06:23:43+00:00,2020-01-03 08:39:04+00:00,3546717
5654414.0,1406949,,1.0,Tiki Trading,3,,,2020-10-26 08:45:14+00:00,2020-10-27 10:23:13+00:00,5638153
10815076.0,1406949,,1.0,Tiki Trading,1,,,2020-10-23 09:55:29+00:00,2020-10-26 15:32:13+00:00,5365235
1046981.0,1406949,,1.0,Tiki Trading,1,,,2020-11-11 09:02:25+00:00,2020-11-13 07:46:51+00:00,5591599
8780722.0,1406949,,1.0,Tiki Trading,1,,,2020-11-11 11:58:20+00:00,2020-11-12 10:01:27+00:00,5588788
236680.0,1406949,,1.0,Tiki Trading,2,,,2020-10-19 03:21:10+00:00,2020-10-19 16:11:09+00:00,5550060
18252387.0,1406949,,1.0,Tiki Trading,1,,,2020-10-20 07:00:05+00:00,2020-10-21 07:43:40+00:00,5508300
388096.0,1406949,,1.0,Tiki Trading,2,,,2020-08-19 02:37:38+00:00,2020-08-19 17:11:03+00:00,4768589
11102916.0,1406949,,1.0,Tiki Trading,3,,,2020-09-15 10:42:23+00:00,2020-09-19 12:35:54+00:00,5418391
8393508.0,1406949,,1.0,Tiki Trading,2,,,2020-09-30 10:32:20+00:00,2020-10-01 10:42:02+00:00,5391897
12325459.0,1406949,,1.0,Tiki Trading,1,,,2020-03-10 09:30:29+00:00,2020-03-11 07:14:42+00:00,3165997
546169.0,1406949,,1.0,Tiki Trading,2,,,2020-10-26 02:07:45+00:00,2020-10-26 12:19:46+00:00,5374048
5703557.0,1406949,,76494.0,OneBee,2,,,2019-12-03 14:00:32+00:00,2019-12-06 07:41:18+00:00,2792828
5400608.0,1406949,,1.0,Tiki Trading,4,,,2020-10-19 03:06:44+00:00,2020-10-19 12:18:05+00:00,5348702
18557095.0,1406949,,1.0,Tiki Trading,1,,,2020-10-18 04:07:06+00:00,2020-10-19 13:20:36+00:00,5295433
140409.0,1406949,,1.0,Tiki Trading,2,,,2020-01-16 11:29:54+00:00,2020-01-17 07:46:13+00:00,2913746
7574957.0,1406949,,1.0,Tiki Trading,3,,,2020-09-14 09:09:09+00:00,2020-09-15 09:32:05+00:00,5193691
7944943.0,1406949,,1.0,Tiki Trading,4,,,2019-11-16 00:43:09+00:00,2019-11-19 15:18:58+00:00,2708455
1316038.0,1406949,,1.0,Tiki Trading,3,,,2020-09-11 04:32:57+00:00,2020-09-11 16:03:32+00:00,5006224
762988.0,1406949,,1.0,Tiki Trading,2,,,2020-09-09 11:12:09+00:00,2020-09-10 11:11:54+00:00,5075951
13993233.0,1406949,,76494.0,OneBee,1,,,2020-09-24 13:23:17+00:00,2020-09-26 13:21:43+00:00,5056966
107370.0,1406949,,1.0,Tiki Trading,3,,,2020-09-12 11:09:50+00:00,2020-09-14 14:00:52+00:00,4980921
2163289.0,1406949,,1.0,Tiki Trading,4,,,2020-09-09 01:55:52+00:00,2020-09-09 12:20:32+00:00,4876644
5975760.0,1406949,,1.0,Tiki Trading,4,,,2020-09-07 00:41:48+00:00,2020-09-08 12:52:16+00:00,4793837
9378632.0,1406949,,1.0,Tiki Trading,4,,,2020-08-27 09:35:53+00:00,2020-08-28 08:42:17+00:00,4650344
1543042.0,1406949,,1.0,Tiki Trading,4,,,2020-08-04 07:24:45+00:00,2020-08-05 11:16:55+00:00,4606932
5742288.0,1406949,,1.0,Tiki Trading,1,,,2020-08-17 07:52:21+00:00,2020-08-22 17:07:36+00:00,4576052
11049297.0,1406949,,1.0,Tiki Trading,1,,,2020-08-11 12:47:58+00:00,2020-08-12 15:15:04+00:00,4448607
13984822.0,1406949,,1.0,Tiki Trading,2,,,2020-03-23 15:09:11+00:00,2020-03-26 13:32:17+00:00,3269396
17972750.0,1406949,,1.0,Tiki Trading,1,,,2020-08-03 10:37:26+00:00,2020-08-05 11:13:16+00:00,4344600
655775.0,1406949,,1.0,Tiki Trading,2,,,2020-07-05 01:06:15+00:00,2020-07-07 16:47:29+00:00,4204004
15165728.0,1406949,,1.0,Tiki Trading,4,,,2020-06-01 01:22:49+00:00,2020-06-01 15:48:56+00:00,4198073
8913269.0,1406949,,1.0,Tiki Trading,1,,,2020-06-01 06:24:37+00:00,2020-06-02 10:22:33+00:00,4181388
6614394.0,1406949,,76494.0,OneBee,1,,,2019-10-03 03:56:14+00:00,2019-10-07 16:45:09+00:00,2609245
1181110.0,1406949,,1.0,Tiki Trading,2,,,2020-05-09 05:24:06+00:00,2020-05-09 18:00:42+00:00,4018536
14343245.0,1406949,,1.0,Tiki Trading,3,,,2020-07-03 14:24:20+00:00,2020-07-05 11:30:23+00:00,3996880
12347491.0,1406949,,8948.0,A4Tech Official Store,3,,,2019-06-12 12:39:13+00:00,2019-06-14 10:52:27+00:00,2270454
1070884.0,1406949,,8948.0,A4Tech Official Store,2,,,2019-03-02 09:03:40+00:00,2019-03-09 15:58:56+00:00,2096410
9162514.0,1406949,,1.0,Tiki Trading,3,,,2020-04-03 09:35:27+00:00,2020-04-04 13:21:46+00:00,3327267
146424.0,1406949,,1.0,Tiki Trading,2,,,2020-05-24 07:00:34+00:00,2020-05-28 19:31:20+00:00,3745805
16661190.0,1406949,,1.0,Tiki Trading,1,,,2020-04-10 03:43:06+00:00,2020-04-11 11:48:22+00:00,3742369
721433.0,1406949,,8948.0,A4Tech Official Store,3,,,2019-06-16 06:21:34+00:00,2019-06-19 20:36:51+00:00,2270600
485390.0,1406949,,1.0,Tiki Trading,4,,,2019-03-19 00:36:07+00:00,2019-03-25 11:36:00+00:00,2125422
1515214.0,1406949,,915.0,Nova Computer,1,,,2019-03-03 03:46:04+00:00,2019-03-06 14:11:57+00:00,2113133
5151373.0,1406949,,915.0,Nova Computer,2,,,2019-03-10 12:49:05+00:00,2019-03-21 15:27:44+00:00,2294341
1300502.0,1406949,,8948.0,A4Tech Official Store,1,,,2019-04-16 06:49:15+00:00,2019-04-17 09:52:30+00:00,2154122
